
{
  "code": 0,
  "msg": "",
  "count": 100,
  "data": [
    {
      "id": 1002,
      "majorName": "网络工程",
      "createTime": "2001-12-12",
      "remark": "无"
    }, {
      "id": 1004,
      "majorName": "网络工程",
      "createTime": "2001-12-12",
      "remark": "无"
    }, {
      "id": 1008,
      "majorName": "网络工程",
      "createTime": "2001-12-12",
      "remark": "无"
    }, {
      "id": 1009,
      "majorName": "网络工程",
      "createTime": "2001-12-12",
      "remark": "无"
    }, {
      "id": 1010,
      "majorName": "网络工程",
      "createTime": "2001-12-12",
      "remark": "无"
    }, {
      "id": 1016,
      "majorName": "网络工程",
      "createTime": "2001-12-12",
      "remark": "无"
    }
  ]
}
