

{
  "code": 0,
  "msg": "",
  "count": 100,
  "data": [
    {
      "sno": 170101,
      "sname": "张三",
      "sex": "男",
      "birthday": "1996-12-12",
      "native": "山西太原",
      "qq": "768767899",
      "telephone": "13545678989",
      "isGetJob": "是"
    }, {
      "sno": 170101,
      "sname": "张三",
      "sex": "男",
      "birthday": "1996-12-12",
      "native": "山西太原",
      "qq": "768767899",
      "telephone": "13545678989",
      "isGetJob": "是"
    }, {
      "sno": 170101,
      "sname": "张三",
      "sex": "男",
      "birthday": "1996-12-12",
      "native": "山西太原",
      "qq": "768767899",
      "telephone": "13545678989",
      "isGetJob": "是"
    }, {
      "sno": 170101,
      "sname": "张三",
      "sex": "男",
      "birthday": "1996-12-12",
      "native": "山西太原",
      "qq": "768767899",
      "telephone": "13545678989",
      "isGetJob": "是"
    }, {
      "sno": 170101,
      "sname": "张三",
      "sex": "男",
      "birthday": "1996-12-12",
      "native": "山西太原",
      "qq": "768767899",
      "telephone": "13545678989",
      "isGetJob": "是"
    }, {
      "sno": 170101,
      "sname": "张三",
      "sex": "男",
      "birthday": "1996-12-12",
      "native": "山西太原",
      "qq": "768767899",
      "telephone": "13545678989",
      "isGetJob": "是"
    }, {
      "sno": 170101,
      "sname": "张三",
      "sex": "男",
      "birthday": "1996-12-12",
      "native": "山西太原",
      "qq": "768767899",
      "telephone": "13545678989",
      "isGetJob": "是"
    }, {
      "sno": 170101,
      "sname": "张三",
      "sex": "男",
      "birthday": "1996-12-12",
      "native": "山西太原",
      "qq": "768767899",
      "telephone": "13545678989",
      "isGetJob": "是"
    }, {
      "sno": 170101,
      "sname": "张三",
      "sex": "男",
      "birthday": "1996-12-12",
      "native": "山西太原",
      "qq": "768767899",
      "telephone": "13545678989",
      "isGetJob": "是"
    }, {
      "sno": 170101,
      "sname": "张三",
      "sex": "男",
      "birthday": "1996-12-12",
      "native": "山西太原",
      "qq": "768767899",
      "telephone": "13545678989",
      "isGetJob": "是"
    }
  ]
}
